Name,Sex,Age,Height,Weight
Alfred,M,14.0,69.0,112.5
Alice,F,13.0,56.5,84.0
Barbara,F,13.0,65.3,98.0
Carol,F,14.0,62.8,102.5
Henry,M,14.0,63.5,102.5
James,M,12.0,57.3,83.0
Jane,F,12.0,59.8,84.5
Janet,F,15.0,62.5,112.5
Jeffrey,M,13.0,62.5,84.0
John,M,12.0,59.0,99.5
Joyce,F,11.0,51.3,50.5
Judy,F,14.0,64.3,90.0
Louise,F,12.0,56.3,77.0
Mary,F,15.0,66.5,112.0
Philip,M,16.0,72.0,150.0
Robert,M,12.0,64.8,128.0
Ronald,M,15.0,67.0,133.0
Thomas,M,11.0,57.5,85.0
William,M,15.0,66.5,112.0
